condition,target_text,typed_text,char_error_rate,IKI,WPM,num_backspaces,gaze_kbd_ratio,gaze_shift,chord_attempts,chords_fired,fire_rate,chord_coverage
single-finger,sorry about that,sorry about thst,0.0625,352.77777777777777,38.297872340425535,0,0.6808510638297872,3,0,0,0.0,0.0
single-finger,we are all fragile,we are all frahile,0.0555555559694767,388.57142857142856,19.902439024390244,8,0.7121951219512195,5,0,0,0.0,0.16666666666666666
single-finger,we are on the way,we are on the way,0.0,395.0,31.73553719008265,1,0.7933884297520661,2,0,0,0.0,0.17647058823529413
single-finger,do we need to discuss,do we need to discuss,0.0,390.90909090909093,36.641221374045806,0,0.732824427480916,3,0,0,0.0,0.0
single-finger,i agreed terms with greg,i agreed terms with greg,0.0,378.7878787878788,29.518716577540108,4,0.7700534759358288,4,0,0,0.0,0.16666666666666666
single-finger,i will get you one,i will get you one,0.0,357.4074074074074,28.732394366197184,4,0.7394366197183099,3,0,0,0.0,0.0
single-finger,what is in the plan,what is in the plan,0.0,347.2972972972973,23.225806451612904,8,0.7365591397849462,4,0,0,0.0,0.15789473684210525
single-finger,i will follow up with him,i will follow up with him,0.0,354.6875,34.69879518072289,3,0.6506024096385542,5,0,0,0.0,0.16
single-finger,not even close,not even close,0.0,392.10526315789474,27.36842105263158,2,0.6842105263157895,3,0,0,0.0,0.0
single-finger,can you resend me the email,can you resend me the email,0.0,368.3333333333333,38.04878048780488,1,0.7012195121951219,4,0,0,0.0,0.1111111111111111
single-finger,what is this,what is this,0.0,436.6666666666667,25.384615384615387,1,0.7596153846153846,2,0,0,0.0,0.0
single-finger,a gift isnt necessary,a gift isnt necessary,0.0,326.0,20.960698689956335,14,0.6812227074235808,6,0,0,0.0,0.0
single-finger,i sent it to her,i sent it to her,0.0,376.0,25.531914893617024,4,0.7659574468085106,3,0,0,0.0,0.1875
single-finger,i will be back friday,i will be back friday,0.0,387.5,29.268292682926838,3,0.7012195121951219,4,0,0,0.0,0.0
single-finger,i can return earlier,i can return earliw,0.10000000149011612,387.8378378378378,20.0,8,0.7222222222222222,5,0,0,0.0,0.0
single-finger,i would like to attend if so,i would like to attend if ao,0.0357142873108387,395.5882352941176,31.764705882352946,2,0.7598039215686274,4,0,0,0.0,0.0
single-finger,has anyone else heard anything,has anyone else heard anything,0.0,354.6511627906977,31.35135135135135,5,0.6711711711711712,6,0,0,0.0,0.0
single-finger,what is going on,what is going on,0.0,325.0,20.689655172413794,10,0.7011494252873564,5,0,0,0.0,0.0
single-finger,we will keep you posted,we will keep you posted,0.0,372.5806451612903,30.697674418604652,3,0.7848837209302325,3,0,0,0.0,0.0
single-finger,please revise accordingly,please revise accordingly,0.0,347.36842105263156,30.15706806282723,6,0.6910994764397905,5,0,0,0.0,0.0
single-finger,can you help get this cleared up,can you help get this cleared up,0.0,333.8709677419355,25.392491467576793,14,0.7098976109215017,7,0,0,0.0,0.0
single-finger,are you getting all the information,are you getting all the information,0.0,337.2093023255814,39.42028985507247,3,0.6473429951690821,6,0,0,0.0,0.37142857142857144
single-finger,need to watch closely,need to watch closely,0.0,336.53846153846155,38.095238095238095,2,0.6666666666666666,4,0,0,0.0,0.0
single-finger,is this the only time available,is this the only time available,0.0,386.3636363636364,22.641509433962266,11,0.7327044025157232,7,0,0,0.0,0.0967741935483871
single-finger,we dont seem to have any positive income,we dont seem to have any positive inco,0.05000000074505806,378.20512820512823,40.36363636363637,0,0.7636363636363637,5,0,0,0.0,0.175
single-finger,is it over,is it over,0.0,400.0,31.304347826086957,0,0.8115942028985508,1,0,0,0.0,0.0
single-finger,not even in yet,not even in yet,0.0,346.42857142857144,23.829787234042556,6,0.6808510638297872,4,0,0,0.0,0.0
two-thumb,sorry about that,sorry about that,0.0,310.4166666666667,34.61538461538461,3,0.5288461538461539,4,0,0,0.0,0.0
two-thumb,they are more efficiently pooled,they are moee efficiently p,0.1875,287.719298245614,28.755760368663598,14,0.7188940092165899,5,0,0,0.0,0.1875
two-thumb,we are all fragile,we are all fragile,0.0,287.5,43.87096774193549,2,0.5698924731182796,3,0,0,0.0,0.16666666666666666
two-thumb,we are on the way,we are on the way,0.0,287.7551020408163,20.53475935828877,15,0.6631016042780749,5,0,0,0.0,0.17647058823529413
two-thumb,do we need to discuss,do we need to discuss,0.0,294.64285714285717,42.85714285714286,3,0.75,3,0,0,0.0,0.0
two-thumb,i agreed terms with greg,i agreed terms with greg,0.0,295.16129032258067,44.516129032258064,3,0.6774193548387096,4,0,0,0.0,0.16666666666666666
two-thumb,i will get you one,i will get you one,0.0,321.42857142857144,42.50000000000001,1,0.7395833333333334,2,0,0,0.0,0.0
two-thumb,what is in the plan,what is in the plan,0.0,309.5238095238095,47.472527472527474,0,0.5824175824175825,3,0,0,0.0,0.15789473684210525
two-thumb,i will follow up with him,i will follow up with hin,0.03999999910593033,300.0,33.68421052631579,8,0.6257309941520468,5,0,0,0.0,0.16
two-thumb,not even close,not even close,0.0,306.6666666666667,48.0,0,0.6153846153846154,2,0,0,0.0,0.0
two-thumb,can you resend me the email,can you resend me the ema,0.07407407462596893,285.7142857142857,36.22641509433962,8,0.610062893081761,5,0,0,0.0,0.1111111111111111
two-thumb,what is this,what is this,0.0,320.0,23.36283185840708,6,0.6371681415929203,4,0,0,0.0,0.0
two-thumb,a gift isnt necessary,a gift isnt necessary,0.0,298.2758620689655,40.67796610169492,3,0.6101694915254238,4,0,0,0.0,0.0
two-thumb,i sent it to her,i sent it to jer,0.0625,305.88235294117646,49.3150684931507,0,0.6438356164383562,2,0,0,0.0,0.1875
two-thumb,i will be back friday,i will be back frjsay,0.095238097012043,297.9166666666667,48.9795918367347,1,0.7346938775510204,2,0,0,0.0,0.0
two-thumb,i can return earlier,i can return earliw,0.10000000149011612,279.4117647058824,23.225806451612904,15,0.6021505376344086,6,0,0,0.0,0.0
two-thumb,i would like to attend if so,i woyld like to attend if so,0.0357142873108387,286.9047619047619,13.670886075949369,27,0.7172995780590717,12,0,0,0.0,0.0
two-thumb,tell her to get my expense report done,rell her to get my expense report done,0.02631578966975212,294.8453608247423,23.30708661417323,28,0.7139107611548556,9,0,0,0.0,0.0
two-thumb,has anyone else heard anything,has anyone elae heard anythinv,0.06666667014360428,257.8296703296703,6.041666666666667,29,0.5512152777777778,43,0,0,0.0,0.0
two-thumb,what is going on,what is going p,0.125,313.8888888888889,42.0,1,0.6,3,0,0,0.0,0.0
two-thumb,we will keep you posted,we will keep you posted,0.0,294.64285714285717,47.142857142857146,1,0.5625,4,0,0,0.0,0.0
two-thumb,please revise accordingly,please recise accordingly,0.03999999910593033,277.8688524590164,26.181818181818183,17,0.7090909090909091,6,0,0,0.0,0.0
two-thumb,thai sounds good,thai sounds good,0.0,315.0,40.449438202247194,1,0.7191011235955056,2,0,0,0.0,0.0
two-thumb,can you help get this cleared up,can you help get this cleared up,0.0,301.219512195122,44.285714285714285,4,0.6964285714285714,4,0,0,0.0,0.0
two-thumb,are you getting all the information,are you getting all the information,0.0,294.44444444444446,45.842696629213485,4,0.7247191011235955,4,0,0,0.0,0.37142857142857144
two-thumb,need to watch closely,need to watch closely,0.0,285.0,42.10526315789474,4,0.6754385964912281,3,0,0,0.0,0.0
two-thumb,is this the only time available,is this the only time available,0.0,303.57142857142856,41.37931034482759,5,0.6494252873563219,5,0,0,0.0,0.0967741935483871
two-thumb,we dont seem to have any positive income,qe dont seem to have any positive income,0.02500000037252903,304.25531914893617,48.0,2,0.6256410256410256,6,0,0,0.0,0.175
two-thumb,is it over,is it over,0.0,317.85714285714283,33.75,1,0.75,2,0,0,0.0,0.0
two-thumb,not even in yet,not even in yet,0.0,311.1111111111111,42.53164556962025,1,0.5063291139240507,3,0,0,0.0,0.0
chording,sorry about that,sorry about that,0.0,272.0,40.449438202247194,4,0.8539325842696629,1,0,0,0.0,0.0
chording,they are more efficiently pooled,they are more efficiently pooled,0.0,250.0,68.8888888888889,2,0.7685185185185185,2,2,2,1.0,0.1875
chording,we are all fragile,we are all fragile,0.0,258.8235294117647,71.57894736842105,0,0.9824561403508771,0,1,1,1.0,0.16666666666666666
chording,we are on the way,we are on the way,0.0,278.57142857142856,49.23076923076924,2,0.9871794871794872,0,1,1,1.0,0.17647058823529413
chording,do we need to discuss,do we need to discuss,0.0,288.6363636363636,55.81395348837211,0,0.9767441860465116,1,0,0,0.0,0.0
chording,i agreed terms with greg,i agreed terms with greg,0.0,266.6666666666667,48.849557522123895,5,0.8849557522123894,1,1,1,1.0,0.16666666666666666
chording,i will get you one,i will get you one,0.0,286.8421052631579,55.13513513513514,0,0.9864864864864865,0,0,0,0.0,0.0
chording,what is in the plan,what is in the pla,0.05263157933950424,265.51724137931035,41.21212121212122,5,0.8686868686868687,1,1,1,1.0,0.15789473684210525
chording,i will follow up with him,i will follow up with him,0.0,267.1875,52.36363636363637,3,0.8818181818181818,1,1,0,0.0,0.16
chording,not even close,not even close,0.0,258.8235294117647,54.73684210526316,1,0.9824561403508771,0,0,0,0.0,0.0
chording,can you resend me the email,can you resend me the email,0.0,252.85714285714286,56.72727272727273,4,0.8818181818181818,1,1,1,1.0,0.1111111111111111
chording,what is this,what is this,0.0,291.1764705882353,38.82352941176471,2,0.9852941176470589,0,0,0,0.0,0.0
chording,a gift isnt necessary,a gift isnt necessary,0.0,266.1764705882353,41.37931034482759,6,0.8879310344827587,1,0,0,0.0,0.0
chording,i sent it to her,i sent it to her,0.0,294.11764705882354,52.173913043478265,1,0.9855072463768116,0,1,1,1.0,0.1875
chording,i will be back friday,i will be back friday,0.0,269.2307692307692,52.74725274725276,2,0.989010989010989,0,0,0,0.0,0.0
chording,i can return earlier,i can return earlier,0.0,268.8679245283019,25.05494505494506,16,0.9285714285714286,1,0,0,0.0,0.0
chording,i would like to attend if so,i would like to attend if so,0.0,282.14285714285717,41.53846153846155,6,0.9166666666666666,1,0,0,0.0,0.0
chording,has anyone else heard anything,has anyone else heard anything,0.0,265.2173913043478,44.903225806451616,7,0.9161290322580645,1,0,0,0.0,0.0
chording,what is going on,what is going on,0.0,289.1304347826087,40.0,3,0.9333333333333333,1,0,0,0.0,0.0
chording,we will keep you posted,we w ll keep you posted,0.043478261679410934,285.1063829787234,29.830508474576273,11,0.9265536723163842,1,0,0,0.0,0.0
chording,please revise accordingly,please revise accordingly,0.0,269.35483870967744,53.33333333333333,1,0.8796296296296297,1,0,0,0.0,0.0
chording,can you help get this cleared up,can you help get this cleared up,0.0,277.27272727272725,46.79245283018868,5,0.9182389937106918,1,0,0,0.0,0.0
chording,are you getting all the information,are you getting all the information,0.0,250.87719298245614,46.62857142857143,14,0.8571428571428571,2,4,3,0.75,0.37142857142857144
chording,need to watch closely,need to watch closely,0.0,262.5,59.25925925925927,1,0.9876543209876543,0,0,0,0.0,0.0
chording,is this the only time available,is this the only time available,0.0,269.7674418604651,48.32214765100671,5,0.912751677852349,1,1,1,1.0,0.0967741935483871
chording,we dont seem to have any positive income,we dont seem to have any positive ib,0.125,274.44444444444446,52.5,5,0.91875,1,1,1,1.0,0.175
chording,is it over,is it over,0.0,261.7647058823529,37.241379310344826,3,0.9827586206896551,0,0,0,0.0,0.0
chording,not even in yet,not even in yet,0.0,281.25,37.333333333333336,4,0.9333333333333333,1,0,0,0.0,0.0
